ItemID,Weight,Value,ValuePerWeight,Selected
1,57,234.03,4.1058,1
2,79,324.77,4.1110,1
3,85,380.79,4.4799,1
4,32,179.29,5.6028,1
5,65,417.77,6.4272,1
6,63,323.33,5.1322,1
7,3,345.98,115.3267,1
8,56,166.13,2.9666,1
9,11,261.90,23.8091,1
10,58,144.95,2.4991,1
11,79,221.51,2.8039,1
12,5,255.67,51.1340,1
13,3,204.79,68.2633,1
14,80,143.11,1.7889,1
15,36,354.81,9.8558,1
16,65,351.57,5.4088,1
17,12,190.91,15.9092,1
18,77,240.45,3.1227,1
19,89,246.77,2.7727,1
20,12,357.37,29.7808,1
21,24,245.56,10.2317,1
22,30,186.06,6.2020,1
23,35,211.91,6.0546,1
24,87,372.33,4.2797,1
25,55,271.38,4.9342,1
26,69,345.22,5.0032,1
27,62,294.25,4.7460,1
28,27,109.04,4.0385,1
29,67,377.27,5.6309,1
30,84,400.20,4.7643,1
31,91,370.97,4.0766,1
32,36,154.18,4.2828,1
33,46,101.48,2.2061,1
34,78,221.98,2.8459,1
35,61,133.18,2.1833,1
36,67,157.39,2.3491,1
37,98,133.15,1.3587,1
38,70,291.30,4.1614,1
39,21,254.62,12.1248,1
40,24,173.93,7.2471,1
41,24,306.59,12.7746,1
42,34,358.58,10.5465,1
43,31,160.58,5.1800,1
44,4,246.13,61.5325,1
45,78,421.75,5.4071,1
46,61,274.56,4.5010,1
47,92,261.52,2.8426,1
48,12,189.66,15.8050,1
49,66,286.47,4.3405,1
50,29,370.55,12.7776,1
51,99,131.61,1.3294,1
52,77,239.91,3.1157,1
53,21,291.18,13.8657,1
54,18,404.88,22.4933,1
55,95,168.89,1.7778,1
56,50,264.76,5.2952,1
57,68,222.34,3.2697,1
58,69,352.77,5.1126,1
59,88,183.46,2.0848,1
60,10,165.28,16.5280,1
61,94,246.79,2.6254,1
62,66,417.79,6.3302,1
63,58,156.49,2.6981,1
64,91,153.46,1.6864,1
65,60,134.76,2.2460,1
66,15,265.12,17.6747,1
67,68,221.03,3.2504,1
68,47,251.71,5.3555,1
69,39,326.12,8.3621,1
70,83,425.77,5.1298,1
71,95,192.25,2.0237,1
72,3,324.90,108.3000,1
73,50,252.31,5.0462,1
74,99,301.02,3.0406,1
75,96,285.53,2.9743,1
76,42,317.13,7.5507,1
77,18,139.82,7.7678,1
78,64,303.87,4.7480,1
79,9,400.91,44.5456,1
80,19,365.65,19.2447,1
81,36,397.15,11.0319,1
82,99,273.13,2.7589,1
83,33,267.76,8.1139,1
84,68,136.57,2.0084,1
85,18,223.35,12.4083,1
86,16,386.03,24.1269,1
87,19,121.90,6.4158,1
88,44,331.40,7.5318,1
89,50,353.69,7.0738,1
90,56,309.62,5.5289,1
91,19,276.78,14.5674,1
92,59,138.54,2.3481,1
93,37,111.82,3.0222,1
94,91,195.30,2.1462,1
95,61,244.13,4.0021,1
96,72,132.55,1.8410,1
97,78,237.23,3.0414,1
98,82,239.79,2.9243,1
99,56,353.16,6.3064,1
100,94,135.20,1.4383,1
101,33,347.09,10.5179,1
102,74,123.20,1.6649,1
103,5,297.76,59.5520,1
104,95,230.56,2.4269,1
105,96,207.22,2.1585,1
106,11,290.35,26.3955,1
107,53,182.26,3.4389,1
108,38,346.41,9.1161,1
109,57,224.93,3.9461,1
110,90,159.99,1.7777,1
111,98,133.60,1.3633,1
112,83,368.17,4.4358,1
113,90,180.53,2.0059,1
114,40,143.40,3.5850,1
115,35,118.27,3.3791,1
116,98,129.93,1.3258,1
117,80,129.75,1.6219,1
118,88,263.27,2.9917,1
119,15,291.75,19.4500,1
120,32,265.69,8.3028,1
121,32,200.16,6.2550,1
122,9,288.08,32.0089,1
123,27,242.05,8.9648,1
124,86,316.17,3.6764,1
125,61,264.84,4.3416,1
126,14,398.98,28.4986,1
127,68,404.12,5.9429,1
128,40,317.37,7.9343,1
129,24,148.42,6.1842,1
130,20,423.11,21.1555,1
131,29,402.20,13.8690,1
132,14,300.03,21.4307,1
133,66,365.65,5.5402,1
134,31,254.65,8.2145,1
135,51,218.50,4.2843,1
136,23,321.64,13.9843,1
137,50,115.64,2.3128,1
138,38,153.13,4.0297,1
139,99,255.91,2.5849,1
140,29,375.59,12.9514,1
141,49,396.10,8.0837,1
142,90,263.40,2.9267,1
143,20,294.81,14.7405,1
144,90,177.37,1.9708,1
145,48,113.44,2.3633,1
146,47,340.41,7.2428,1
147,98,293.04,2.9902,1
148,98,138.70,1.4153,1
149,21,261.90,12.4714,1
150,15,334.21,22.2807,1
151,40,407.70,10.1925,1
152,58,252.59,4.3550,1
153,27,115.66,4.2837,1
154,56,196.63,3.5112,1
155,30,238.64,7.9547,1
156,19,166.34,8.7547,1
157,41,179.13,4.3690,1
158,15,220.52,14.7013,1
159,32,242.87,7.5897,1
160,2,114.65,57.3250,1
161,10,427.03,42.7030,1
162,52,273.00,5.2500,1
163,33,404.63,12.2615,1
164,66,419.15,6.3508,1
165,84,387.56,4.6138,1
166,27,216.59,8.0219,1
167,14,421.03,30.0736,1
168,56,209.65,3.7437,1
169,85,413.41,4.8636,1
170,34,207.45,6.1015,1
171,12,420.07,35.0058,1
172,66,282.42,4.2791,1
173,33,208.55,6.3197,1
174,64,215.39,3.3655,1
175,17,245.17,14.4218,1
176,71,264.96,3.7318,1
177,11,181.13,16.4664,1
178,72,403.99,5.6110,1
179,28,255.13,9.1118,1
180,84,245.44,2.9219,1
181,80,379.81,4.7476,1
182,27,404.92,14.9970,1
183,100,362.89,3.6289,1
184,55,313.22,5.6949,1
185,33,290.27,8.7961,1
186,10,107.60,10.7600,1
187,70,262.06,3.7437,1
188,35,304.07,8.6877,1
189,41,147.18,3.5898,1
190,18,326.15,18.1194,1
191,56,185.96,3.3207,1
192,50,405.66,8.1132,1
193,29,157.24,5.4221,1
194,18,394.27,21.9039,1
195,38,233.10,6.1342,1
196,87,329.35,3.7856,1
197,11,254.74,23.1582,1
198,17,224.71,13.2182,1
199,60,225.04,3.7507,1
200,84,325.31,3.8727,1
201,24,389.50,16.2292,1
202,1,279.86,279.8600,1
203,58,424.51,7.3191,1
204,16,108.50,6.7812,1
205,29,364.36,12.5641,1
206,64,108.74,1.6991,1
207,55,164.52,2.9913,1
208,78,283.39,3.6332,1
209,29,205.06,7.0710,1
210,11,365.51,33.2282,1
211,87,286.77,3.2962,1
212,89,368.88,4.1447,1
213,34,407.31,11.9797,1
214,38,117.64,3.0958,1
215,53,214.27,4.0428,1
216,98,304.87,3.1109,1
217,64,422.55,6.6023,1
218,30,257.13,8.5710,1
219,66,143.99,2.1817,1
220,93,197.54,2.1241,1
221,41,297.61,7.2588,1
222,99,235.24,2.3762,1
223,92,167.49,1.8205,1
224,92,269.44,2.9287,1
225,92,225.45,2.4505,1
226,10,244.83,24.4830,1
227,95,251.76,2.6501,1
228,34,358.98,10.5582,1
229,53,300.64,5.6725,1
230,41,330.83,8.0690,1
231,72,424.75,5.8993,1
232,9,280.14,31.1267,1
233,39,152.06,3.8990,1
234,93,360.77,3.8792,1
235,48,182.81,3.8085,1
236,2,386.96,193.4800,1
237,6,418.71,69.7850,1
238,59,200.11,3.3917,1
239,41,396.55,9.6720,1
240,11,376.68,34.2436,1
241,9,170.49,18.9433,1
242,16,420.15,26.2594,1
243,50,178.69,3.5738,1
244,24,263.89,10.9954,1
245,52,104.40,2.0077,1
246,80,261.49,3.2686,1
247,7,182.64,26.0914,1
248,19,248.65,13.0868,1
249,51,374.91,7.3512,1
250,96,389.88,4.0613,1
251,58,207.63,3.5798,1
252,6,134.10,22.3500,1
253,2,267.56,133.7800,1
254,87,286.33,3.2911,1
255,44,285.37,6.4857,1
256,53,259.59,4.8979,1
257,23,371.16,16.1374,1
258,69,101.80,1.4754,1
259,5,333.25,66.6500,1
260,48,344.81,7.1835,1
261,68,367.17,5.3996,1
262,19,422.97,22.2616,1
263,47,339.86,7.2311,1
264,54,177.19,3.2813,1
265,86,300.77,3.4973,1
266,81,276.72,3.4163,1
267,47,100.11,2.1300,1
268,57,176.34,3.0937,1
269,87,418.34,4.8085,1
270,100,254.61,2.5461,1
271,72,138.05,1.9174,1
272,87,197.30,2.2678,1
273,96,226.56,2.3600,1
274,52,271.61,5.2233,1
275,42,213.11,5.0740,1
276,89,176.87,1.9873,1
277,51,377.97,7.4112,1
278,63,151.03,2.3973,1
279,16,324.97,20.3106,1
280,30,329.52,10.9840,1
281,10,173.58,17.3580,1
282,68,414.32,6.0929,1
283,99,284.66,2.8754,1
284,100,237.28,2.3728,1
285,35,185.67,5.3049,1
286,89,326.48,3.6683,1
287,97,146.01,1.5053,1
288,43,110.51,2.5700,1
289,35,170.07,4.8591,1
290,86,406.15,4.7227,1
291,82,186.37,2.2728,1
292,52,287.50,5.5288,1
293,67,132.41,1.9763,1
294,24,225.28,9.3867,1
295,66,109.25,1.6553,1
296,88,283.33,3.2197,1
297,5,288.44,57.6880,1
298,50,345.81,6.9162,1
299,65,417.68,6.4258,1
300,67,337.46,5.0367,1
301,40,246.12,6.1530,1
302,87,201.21,2.3128,1
303,91,388.06,4.2644,1
304,73,216.93,2.9716,1
305,95,358.55,3.7742,1
306,2,115.08,57.5400,1
307,73,180.77,2.4763,1
308,100,190.38,1.9038,1
309,62,332.65,5.3653,1
310,21,247.71,11.7957,1
311,22,206.69,9.3950,1
312,60,240.93,4.0155,1
313,70,336.32,4.8046,1
314,27,402.78,14.9178,1
315,95,370.61,3.9012,1
316,85,139.06,1.6360,1
317,4,344.40,86.1000,1
318,66,366.56,5.5539,1
319,21,174.99,8.3329,1
320,52,375.81,7.2271,1
321,86,344.73,4.0085,1
322,1,124.26,124.2600,1
323,64,339.13,5.2989,1
324,19,351.52,18.5011,1
325,38,421.32,11.0874,1
326,79,281.13,3.5586,1
327,98,363.30,3.7071,1
328,1,373.92,373.9200,1
329,17,387.06,22.7682,1
330,38,394.59,10.3839,1
331,36,229.93,6.3869,1
332,35,256.55,7.3300,1
333,53,276.45,5.2160,1
334,73,132.70,1.8178,1
335,25,343.38,13.7352,1
336,17,415.73,24.4547,1
337,59,387.88,6.5742,1
338,30,309.61,10.3203,1
339,69,363.91,5.2741,1
340,53,223.15,4.2104,1
341,70,219.96,3.1423,1
342,33,193.76,5.8715,1
343,48,212.44,4.4258,1
344,23,167.82,7.2965,1
345,78,234.01,3.0001,1
346,31,263.72,8.5071,1
347,68,297.15,4.3699,1
348,56,290.66,5.1904,1
349,22,217.05,9.8659,1
350,60,253.61,4.2268,1
351,2,306.41,153.2050,1
352,24,134.52,5.6050,1
353,54,143.14,2.6507,1
354,38,352.47,9.2755,1
355,34,172.63,5.0774,1
356,3,209.83,69.9433,1
357,89,256.63,2.8835,1
358,88,314.66,3.5757,1
359,22,257.87,11.7214,1
360,96,388.16,4.0433,1
361,97,377.11,3.8877,1
362,64,413.46,6.4603,1
363,71,105.80,1.4901,1
364,45,139.06,3.0902,1
365,30,392.21,13.0737,1
366,56,305.72,5.4593,1
367,21,347.69,16.5567,1
368,56,282.35,5.0420,1
369,55,299.85,5.4518,1
370,21,395.02,18.8105,1
371,38,225.55,5.9355,1
372,97,357.72,3.6878,1
373,73,127.58,1.7477,1
374,95,122.95,1.2942,1
375,2,235.34,117.6700,1
376,13,131.33,10.1023,1
377,34,384.42,11.3065,1
378,30,397.16,13.2387,1
379,90,387.48,4.3053,1
380,89,324.07,3.6412,1
381,47,423.77,9.0164,1
382,97,326.20,3.3629,1
383,44,310.50,7.0568,1
384,49,267.93,5.4680,1
385,66,287.86,4.3615,1
386,6,384.86,64.1433,1
387,92,214.89,2.3358,1
388,14,354.59,25.3279,1
389,49,135.61,2.7676,1
390,7,213.89,30.5557,1
391,71,423.35,5.9627,1
392,61,101.42,1.6626,1
393,65,202.91,3.1217,1
394,32,228.99,7.1559,1
395,67,122.75,1.8321,1
396,1,354.26,354.2600,1
397,92,312.45,3.3962,1
398,58,157.71,2.7191,1
399,4,253.16,63.2900,1
400,36,124.62,3.4617,1
401,36,243.57,6.7658,1
402,37,402.69,10.8835,1
403,6,375.63,62.6050,1
404,63,185.15,2.9389,1
405,89,307.03,3.4498,1
406,56,332.86,5.9439,1
407,41,332.36,8.1063,1
408,78,316.41,4.0565,1
409,50,158.42,3.1684,1
410,48,383.90,7.9979,1
411,47,145.61,3.0981,1
412,81,362.82,4.4793,1
413,29,110.17,3.7990,1
414,88,103.68,1.1782,1
415,65,121.35,1.8669,1
416,37,182.74,4.9389,1
417,31,354.58,11.4381,1
418,28,334.69,11.9532,1
419,55,174.71,3.1765,1
420,7,131.09,18.7271,1
421,21,391.70,18.6524,1
422,9,358.33,39.8144,1
423,59,343.26,5.8180,1
424,32,108.24,3.3825,1
425,62,300.31,4.8437,1
426,62,159.25,2.5685,1
427,70,194.37,2.7767,1
428,88,124.55,1.4153,1
429,42,247.72,5.8981,1
430,78,272.99,3.4999,1
431,88,403.46,4.5848,1
432,95,414.22,4.3602,1
433,68,204.33,3.0049,1
434,32,200.13,6.2541,1
435,15,277.18,18.4787,1
436,67,115.68,1.7266,1
437,17,190.64,11.2141,1
438,78,301.91,3.8706,1
439,71,396.61,5.5861,1
440,80,416.51,5.2064,1
441,91,401.45,4.4115,1
442,99,296.24,2.9923,1
443,45,222.41,4.9424,1
444,39,366.57,9.3992,1
445,95,224.07,2.3586,1
446,57,252.29,4.4261,1
447,35,164.54,4.7011,1
448,79,104.89,1.3277,1
449,43,410.49,9.5463,1
450,12,151.42,12.6183,1
451,26,252.39,9.7073,1
452,55,359.16,6.5302,1
453,65,211.46,3.2532,1
454,81,308.31,3.8063,1
455,20,320.32,16.0160,1
456,34,184.01,5.4121,1
457,10,285.93,28.5930,1
458,91,358.48,3.9393,1
459,10,398.11,39.8110,1
460,41,146.89,3.5827,1
461,68,244.74,3.5991,1
462,1,416.69,416.6900,1
463,32,323.07,10.0959,1
464,81,148.27,1.8305,1
465,37,331.23,8.9522,1
466,70,146.39,2.0913,1
467,92,212.44,2.3091,1
468,74,395.69,5.3472,1
469,6,357.60,59.6000,1
470,75,327.69,4.3692,1
471,50,157.37,3.1474,1
472,65,288.90,4.4446,1
473,72,156.72,2.1767,1
474,9,370.36,41.1511,1
475,39,121.88,3.1251,1
476,59,131.18,2.2234,1
477,58,238.77,4.1167,1
478,17,291.39,17.1406,1
479,73,374.17,5.1256,1
480,84,424.13,5.0492,1
481,12,358.95,29.9125,1
482,14,276.00,19.7143,1
483,53,156.75,2.9575,1
484,48,384.08,8.0017,1
485,90,256.02,2.8447,1
486,63,115.65,1.8357,1
487,1,165.74,165.7400,1
488,2,267.90,133.9500,1
489,15,267.95,17.8633,1
490,70,161.72,2.3103,1
491,34,319.87,9.4079,1
492,80,299.04,3.7380,1
493,7,186.40,26.6286,1
494,94,190.08,2.0221,1
495,48,355.68,7.4100,1
496,60,126.14,2.1023,1
497,46,281.89,6.1280,1
498,97,108.97,1.1234,1
499,77,299.81,3.8936,1
500,62,124.72,2.0116,1
501,22,240.23,10.9195,1
502,47,216.28,4.6017,1
503,17,163.12,9.5953,1
504,28,282.38,10.0850,1
505,57,269.65,4.7307,1
506,93,350.89,3.7730,1
507,1,167.22,167.2200,1
508,17,271.68,15.9812,1
509,44,119.06,2.7059,1
510,91,231.87,2.5480,1
511,15,192.79,12.8527,1
512,42,383.34,9.1271,1
513,66,267.17,4.0480,1
514,11,330.19,30.0173,1
515,4,415.78,103.9450,1
516,92,370.34,4.0254,1
517,86,367.29,4.2708,1
518,75,323.73,4.3164,1
519,3,182.23,60.7433,1
520,56,135.29,2.4159,1
521,33,190.69,5.7785,1
522,39,378.57,9.7069,1
523,7,364.79,52.1129,1
524,73,294.93,4.0401,1
525,46,119.40,2.5957,1
526,9,341.32,37.9244,1
527,64,353.44,5.5225,1
528,18,327.98,18.2211,1
529,79,205.42,2.6003,1
530,83,119.25,1.4367,1
531,98,166.18,1.6957,1
532,33,204.52,6.1976,1
533,83,417.74,5.0330,1
534,4,265.29,66.3225,1
535,97,143.15,1.4758,1
536,17,254.23,14.9547,1
537,26,111.14,4.2746,1
538,43,146.31,3.4026,1
539,52,190.11,3.6560,1
540,41,256.24,6.2498,1
541,35,321.26,9.1789,1
542,23,248.44,10.8017,1
543,82,209.85,2.5591,1
544,31,372.29,12.0094,1
545,79,366.17,4.6351,1
546,89,427.27,4.8008,1
547,64,410.60,6.4156,1
548,10,318.56,31.8560,1
549,95,223.35,2.3511,1
550,26,329.02,12.6546,1
551,4,180.99,45.2475,1
552,68,380.72,5.5988,1
553,2,162.29,81.1450,1
554,82,344.08,4.1961,1
555,71,118.78,1.6730,1
556,73,339.99,4.6574,1
557,89,254.32,2.8575,1
558,14,144.02,10.2871,1
559,57,332.35,5.8307,1
560,86,242.43,2.8190,1
561,5,414.79,82.9580,1
562,43,372.42,8.6609,1
563,64,257.62,4.0253,1
564,35,389.98,11.1423,1
565,88,322.44,3.6641,1
566,44,280.78,6.3814,1
567,29,318.24,10.9738,1
568,93,225.57,2.4255,1
569,44,198.94,4.5214,1
570,72,156.62,2.1753,1
571,30,186.08,6.2027,1
572,76,372.20,4.8974,1
573,26,154.82,5.9546,1
574,5,351.98,70.3960,1
575,9,195.57,21.7300,1
576,74,289.20,3.9081,1
577,13,395.49,30.4223,1
578,95,189.01,1.9896,1
579,99,341.54,3.4499,1
580,43,393.24,9.1451,1
581,9,321.48,35.7200,1
582,35,347.21,9.9203,1
583,6,137.07,22.8450,1
584,95,124.21,1.3075,1
585,80,127.09,1.5886,1
586,4,212.48,53.1200,1
587,60,314.65,5.2442,1
588,83,148.14,1.7848,1
589,88,310.19,3.5249,1
590,93,346.32,3.7239,1
591,22,144.57,6.5714,1
592,48,177.33,3.6944,1
593,75,403.74,5.3832,1
594,41,244.49,5.9632,1
595,34,201.01,5.9121,1
596,30,272.12,9.0707,1
597,85,205.85,2.4218,1
598,82,232.69,2.8377,1
599,37,417.70,11.2892,1
600,2,381.37,190.6850,1
601,58,231.62,3.9934,1
602,75,290.31,3.8708,1
603,57,314.48,5.5172,1
604,81,415.42,5.1286,1
605,62,403.73,6.5118,1
606,50,389.53,7.7906,1
607,48,411.73,8.5777,1
608,47,196.17,4.1738,1
609,11,258.49,23.4991,1
610,82,384.04,4.6834,1
611,96,245.07,2.5528,1
612,13,267.33,20.5638,1
613,66,339.77,5.1480,1
614,42,102.44,2.4390,1
615,56,189.33,3.3809,1
616,4,288.00,72.0000,1
617,6,193.24,32.2067,1
618,24,301.86,12.5775,1
619,85,210.62,2.4779,1
620,19,252.51,13.2900,1
621,84,169.90,2.0226,1
622,83,221.84,2.6728,1
623,71,133.78,1.8842,1
624,72,276.69,3.8429,1
625,25,157.57,6.3028,1
626,93,258.32,2.7776,1
627,48,114.75,2.3906,1
628,68,261.20,3.8412,1
629,11,155.65,14.1500,1
630,14,254.78,18.1986,1
631,29,334.62,11.5386,1
632,42,415.06,9.8824,1
633,100,399.24,3.9924,1
634,64,292.01,4.5627,1
635,5,243.15,48.6300,1
636,1,345.57,345.5700,1
637,5,377.43,75.4860,1
638,13,371.98,28.6138,1
639,3,300.88,100.2933,1
640,43,319.12,7.4214,1
641,33,350.03,10.6070,1
642,59,306.44,5.1939,1
643,52,321.51,6.1829,1
644,26,105.32,4.0508,1
645,28,120.13,4.2904,1
646,35,138.09,3.9454,1
647,87,312.83,3.5957,1
648,19,319.75,16.8289,1
649,68,305.06,4.4862,1
650,46,111.08,2.4148,1
651,11,211.83,19.2573,1
652,54,367.01,6.7965,1
653,27,207.83,7.6974,1
654,99,191.05,1.9298,1
655,96,152.15,1.5849,1
656,75,192.98,2.5731,1
657,39,153.07,3.9249,1
658,68,117.61,1.7296,1
659,35,281.09,8.0311,1
660,12,275.93,22.9942,1
661,45,423.36,9.4080,1
662,21,316.95,15.0929,1
663,93,125.97,1.3545,1
664,25,183.92,7.3568,1
665,50,400.38,8.0076,1
666,99,397.88,4.0190,1
667,28,131.46,4.6950,1
668,62,286.18,4.6158,1
669,33,204.56,6.1988,1
670,6,146.35,24.3917,1
671,95,124.79,1.3136,1
672,69,392.43,5.6874,1
673,23,245.81,10.6874,1
674,83,397.18,4.7853,1
675,20,279.66,13.9830,1
676,73,235.51,3.2262,1
677,2,323.68,161.8400,1
678,55,178.31,3.2420,1
679,13,318.76,24.5200,1
680,76,158.68,2.0879,1
681,39,243.04,6.2318,1
682,22,285.92,12.9964,1
683,48,231.87,4.8306,1
684,70,369.40,5.2771,1
685,23,306.88,13.3426,1
686,9,182.92,20.3244,1
687,10,215.67,21.5670,1
688,56,397.88,7.1050,1
689,86,375.52,4.3665,1
690,45,345.23,7.6718,1
691,1,163.06,163.0600,1
692,46,398.87,8.6711,1
693,55,113.63,2.0660,1
694,65,225.30,3.4662,1
695,6,340.24,56.7067,1
696,45,364.44,8.0987,1
697,73,425.11,5.8234,1
698,92,352.56,3.8322,1
699,64,302.59,4.7280,1
700,10,196.91,19.6910,1
701,77,177.61,2.3066,1
702,21,378.90,18.0429,1
703,22,309.04,14.0473,1
704,85,314.36,3.6984,1
705,74,340.70,4.6041,1
706,29,278.01,9.5866,1
707,1,319.85,319.8500,1
708,27,167.04,6.1867,1
709,44,136.98,3.1132,1
710,21,111.11,5.2910,1
711,100,182.17,1.8217,1
712,96,235.50,2.4531,1
713,41,279.17,6.8090,1
714,57,325.25,5.7061,1
715,30,348.19,11.6063,1
716,5,301.28,60.2560,1
717,60,186.09,3.1015,1
718,65,290.23,4.4651,1
719,8,176.51,22.0637,1
720,31,216.19,6.9739,1
721,84,318.69,3.7939,1
722,24,317.18,13.2158,1
723,8,370.58,46.3225,1
724,67,221.07,3.2996,1
725,57,133.33,2.3391,1
726,96,277.42,2.8898,1
727,55,379.02,6.8913,1
728,84,158.52,1.8871,1
729,16,172.00,10.7500,1
730,40,392.22,9.8055,1
731,36,260.56,7.2378,1
732,36,201.30,5.5917,1
733,82,425.20,5.1854,1
734,2,261.31,130.6550,1
735,74,132.37,1.7888,1
736,63,146.98,2.3330,1
737,97,210.38,2.1689,1
738,22,389.89,17.7223,1
739,10,150.86,15.0860,1
740,10,228.23,22.8230,1
741,30,221.16,7.3720,1
742,73,315.99,4.3286,1
743,31,369.61,11.9229,1
744,18,161.74,8.9856,1
745,48,193.93,4.0402,1
746,38,219.47,5.7755,1
747,68,146.69,2.1572,1
748,10,368.09,36.8090,1
749,72,383.68,5.3289,1
750,36,114.28,3.1744,1
751,66,378.33,5.7323,1
752,37,119.60,3.2324,1
753,3,295.53,98.5100,1
754,22,228.67,10.3941,1
755,63,366.70,5.8206,1
756,89,152.76,1.7164,1
757,84,242.46,2.8864,1
758,42,279.39,6.6521,1
759,16,135.44,8.4650,1
760,69,242.66,3.5168,1
761,43,158.79,3.6928,1
762,54,261.49,4.8424,1
763,80,328.57,4.1071,1
764,20,259.02,12.9510,1
765,74,256.79,3.4701,1
766,42,132.12,3.1457,1
767,55,348.06,6.3284,1
768,32,116.21,3.6316,1
769,16,249.74,15.6088,1
770,100,354.58,3.5458,1
771,84,300.71,3.5799,1
772,96,255.86,2.6652,1
773,53,418.13,7.8892,1
774,67,353.29,5.2730,1
775,2,200.76,100.3800,1
776,62,368.10,5.9371,1
777,84,259.32,3.0871,1
778,33,122.83,3.7221,1
779,59,360.19,6.1049,1
780,54,283.76,5.2548,1
781,49,291.03,5.9394,1
782,5,403.23,80.6460,1
783,12,345.63,28.8025,1
784,88,415.94,4.7266,1
785,27,127.48,4.7215,1
786,37,111.05,3.0014,1
787,59,105.96,1.7959,1
788,78,112.66,1.4444,1
789,87,364.87,4.1939,1
790,85,201.14,2.3664,1
791,78,321.80,4.1256,1
792,80,146.45,1.8306,1
793,2,411.74,205.8700,1
794,94,196.53,2.0907,1
795,21,338.28,16.1086,1
796,55,165.91,3.0165,1
797,35,128.70,3.6771,1
798,16,166.07,10.3794,1
799,47,234.81,4.9960,1
800,99,284.14,2.8701,1
801,11,362.12,32.9200,1
802,89,285.36,3.2063,1
803,5,150.52,30.1040,1
804,8,250.59,31.3238,1
805,52,405.97,7.8071,1
806,8,274.84,34.3550,1
807,98,142.18,1.4508,1
808,32,138.44,4.3262,1
809,83,255.83,3.0823,1
810,62,353.40,5.7000,1
811,81,246.92,3.0484,1
812,23,253.72,11.0313,1
813,26,118.69,4.5650,1
814,8,102.98,12.8725,1
815,59,422.08,7.1539,1
816,18,266.17,14.7872,1
817,58,127.50,2.1983,1
818,19,159.52,8.3958,1
819,39,362.14,9.2856,1
820,50,183.33,3.6666,1
821,30,260.55,8.6850,1
822,87,176.41,2.0277,1
823,15,175.88,11.7253,1
824,82,218.70,2.6671,1
825,58,137.89,2.3774,1
826,73,269.66,3.6940,1
827,93,285.23,3.0670,1
828,52,209.34,4.0258,1
829,60,333.39,5.5565,1
830,85,374.03,4.4004,1
831,88,218.24,2.4800,1
832,56,221.32,3.9521,1
833,7,287.06,41.0086,1
834,96,131.68,1.3717,1
835,75,228.27,3.0436,1
836,86,376.89,4.3824,1
837,19,354.28,18.6463,1
838,51,296.33,5.8104,1
839,50,168.91,3.3782,1
840,85,231.15,2.7194,1
841,39,127.76,3.2759,1
842,98,410.06,4.1843,1
843,68,212.00,3.1176,1
844,19,319.57,16.8195,1
845,59,241.06,4.0858,1
846,62,289.39,4.6676,1
847,34,132.16,3.8871,1
848,10,305.81,30.5810,1
849,46,117.04,2.5443,1
850,100,405.44,4.0544,1
851,26,106.75,4.1058,1
852,99,283.50,2.8636,1
853,65,181.02,2.7849,1
854,31,175.14,5.6497,1
855,17,409.99,24.1171,1
856,86,316.68,3.6823,1
857,90,346.50,3.8500,1
858,86,389.37,4.5276,1
859,86,328.77,3.8229,1
860,3,185.14,61.7133,1
861,94,344.16,3.6613,1
862,23,275.37,11.9726,1
863,65,232.41,3.5755,1
864,43,317.51,7.3840,1
865,47,255.59,5.4381,1
866,46,334.49,7.2715,1
867,9,242.78,26.9756,1
868,87,307.72,3.5370,1
869,63,268.83,4.2671,1
870,68,141.90,2.0868,1
871,38,419.84,11.0484,1
872,88,257.75,2.9290,1
873,23,310.97,13.5204,1
874,24,283.21,11.8004,1
875,95,169.04,1.7794,1
876,29,359.08,12.3821,1
877,85,213.34,2.5099,1
878,33,236.05,7.1530,1
879,81,147.24,1.8178,1
880,1,351.19,351.1900,1
881,62,409.05,6.5976,1
882,94,388.66,4.1347,1
883,67,113.56,1.6949,1
884,43,168.03,3.9077,1
885,57,213.96,3.7537,1
886,77,331.09,4.2999,1
887,60,261.89,4.3648,1
888,20,133.83,6.6915,1
889,98,244.63,2.4962,1
890,77,300.29,3.8999,1
891,40,136.74,3.4185,1
892,20,380.67,19.0335,1
893,100,125.80,1.2580,1
894,92,208.63,2.2677,1
895,46,375.27,8.1580,1
896,89,143.27,1.6098,1
897,59,334.92,5.6766,1
898,45,187.87,4.1749,1
899,11,394.36,35.8509,1
900,82,207.56,2.5312,1
901,6,319.21,53.2017,1
902,15,354.93,23.6620,1
903,30,214.64,7.1547,1
904,65,321.29,4.9429,1
905,91,422.10,4.6385,1
906,12,127.09,10.5908,1
907,63,195.47,3.1027,1
908,54,413.84,7.6637,1
909,22,409.94,18.6336,1
910,43,363.44,8.4521,1
911,61,319.46,5.2370,1
912,70,382.46,5.4637,1
913,90,169.61,1.8846,1
914,71,140.53,1.9793,1
915,51,337.11,6.6100,1
916,45,411.02,9.1338,1
917,88,283.21,3.2183,1
918,10,286.48,28.6480,1
919,30,116.23,3.8743,1
920,32,182.79,5.7122,1
921,94,186.18,1.9806,1
922,74,238.58,3.2241,1
923,41,196.19,4.7851,1
924,31,264.09,8.5190,1
925,53,134.64,2.5404,1
926,67,348.55,5.2022,1
927,52,253.19,4.8690,1
928,32,416.04,13.0013,1
929,88,100.72,1.1445,1
930,19,132.79,6.9889,1
931,30,391.81,13.0603,1
932,63,404.74,6.4244,1
933,26,183.50,7.0577,1
934,65,331.89,5.1060,1
935,7,347.55,49.6500,1
936,52,360.96,6.9415,1
937,16,241.61,15.1006,1
938,15,259.79,17.3193,1
939,83,204.89,2.4686,1
940,13,361.61,27.8162,1
941,76,386.05,5.0796,1
942,23,272.84,11.8626,1
943,84,337.16,4.0138,1
944,53,215.94,4.0743,1
945,99,367.04,3.7075,1
946,10,183.93,18.3930,1
947,88,240.46,2.7325,1
948,89,111.99,1.2583,1
949,93,148.78,1.5998,1
950,56,175.09,3.1266,1
951,37,193.80,5.2378,1
952,50,157.00,3.1400,1
953,11,361.26,32.8418,1
954,58,276.57,4.7684,1
955,95,174.94,1.8415,1
956,13,122.77,9.4438,1
957,88,335.46,3.8120,1
958,8,378.32,47.2900,1
959,86,291.79,3.3929,1
960,66,378.71,5.7380,1
961,56,275.55,4.9205,1
962,7,118.67,16.9529,1
963,33,107.78,3.2661,1
964,34,408.37,12.0109,1
965,79,358.98,4.5441,1
966,37,288.47,7.7965,1
967,100,138.26,1.3826,1
968,38,152.12,4.0032,1
969,52,369.20,7.1000,1
970,3,180.18,60.0600,1
971,18,274.74,15.2633,1
972,73,243.99,3.3423,1
973,35,188.39,5.3826,1
974,94,384.74,4.0930,1
975,48,380.18,7.9204,1
976,98,159.48,1.6273,1
977,40,167.43,4.1858,1
978,11,222.54,20.2309,1
979,37,105.84,2.8605,1
980,3,172.68,57.5600,1
981,21,389.86,18.5648,1
982,65,294.51,4.5309,1
983,4,223.88,55.9700,1
984,87,241.43,2.7751,1
985,28,140.72,5.0257,1
986,55,322.72,5.8676,1
987,89,232.37,2.6109,1
988,25,407.90,16.3160,1
989,46,201.56,4.3817,1
990,24,144.98,6.0408,1
991,32,425.14,13.2856,1
992,99,421.03,4.2528,1
993,77,107.41,1.3949,1
994,33,258.81,7.8427,1
995,4,234.10,58.5250,1
996,88,219.09,2.4897,1
997,7,196.06,28.0086,1
998,39,276.49,7.0895,1
999,25,380.99,15.2396,1
1000,94,289.33,3.0780,1
